{
  "project_info": {
    "project_number": "279533378932",
    "project_id": "dailydiary-javastack",
    "storage_bucket": "dailydiary-javastack.appspot.com"
  },
  "client": [
    {
      "client_info": {
        "mobilesdk_app_id": "1:279533378932:android:c5cdf313f047670ff56021",
        "android_client_info": {
          "package_name": "com.example.dailydiaryjavastack"
        }
      },
      "oauth_client": [
        {
          "client_id": "279533378932-a0s5am4rr9pdo0ijndsp1jfjuvmh6gmd.apps.googleusercontent.com",
          "client_type": 3
        }
      ],
      "api_key": [
        {
          "current_key": "AIzaSyBTJHT1Ktmr6Ts4vIl_rtqJizN_N76KnxU"
        }
      ],
      "services": {
        "appinvite_service": {
          "other_platform_oauth_client": [
            {
              "client_id": "279533378932-a0s5am4rr9pdo0ijndsp1jfjuvmh6gmd.apps.googleusercontent.com",
              "client_type": 3
            }
          ]
        }
      }
    }
  ],
  "configuration_version": "1"
}